dataset,model,role,fold,accuracy,macro_precision,macro_recall,macro_f1,roc_auc,log_loss,brier_score,expected_calibration_error
wdbc,AdaBoost (ours),project_implementation,1,0.9912280701754386,0.9930555555555556,0.9883720930232558,0.99062114356232,0.9970520799213888,0.09439963565258085,0.023776809122557082,0.017495375606288263
wdbc,AdaBoost (ours),project_implementation,2,0.9385964912280702,0.9412162162162162,0.9277759580740256,0.933693394266722,0.9918113331149688,0.30547098340117024,0.11315559985736832,0.0607583779184106
wdbc,AdaBoost (ours),project_implementation,3,0.956140350877193,0.9605128205128205,0.9454365079365079,0.9521289997480473,0.9821428571428571,0.48778504159045805,0.07807192933085008,0.041051488108701885
wdbc,AdaBoost (ours),project_implementation,4,0.9736842105263158,0.9666666666666667,0.9791666666666667,0.9721203228173148,1.0,0.0810806432077144,0.04809313879334849,0.027665321230902623
wdbc,AdaBoost (ours),project_implementation,5,0.9734513274336283,0.9797297297297297,0.9642857142857143,0.9711366538952746,0.9959758551307847,0.21691590254884385,0.05764124929683814,0.0321381770498947
wdbc,"AdaBoost SAMME.R (ours, bonus)",project_bonus,1,0.9912280701754386,0.9930555555555556,0.9883720930232558,0.99062114356232,0.9983622666229938,0.06852697616816632,0.018503409312673552,0.009913741966006171
wdbc,"AdaBoost SAMME.R (ours, bonus)",project_bonus,2,0.9385964912280702,0.9412162162162162,0.9277759580740256,0.933693394266722,0.9927939731411726,0.38909176610523843,0.10298361789361492,0.057077406654374316
wdbc,"AdaBoost SAMME.R (ours, bonus)",project_bonus,3,0.956140350877193,0.9605128205128205,0.9454365079365079,0.9521289997480473,0.9910714285714286,0.5973779069112604,0.08636575189015828,0.043514583293481124
wdbc,"AdaBoost SAMME.R (ours, bonus)",project_bonus,4,0.9824561403508771,0.9772727272727273,0.9861111111111112,0.981329839502129,1.0,0.0582649994505129,0.026851472923456864,0.016774882677959665
wdbc,"AdaBoost SAMME.R (ours, bonus)",project_bonus,5,0.9823008849557522,0.9863013698630136,0.9761904761904762,0.9808604336043361,0.994634473507713,0.27995581649559476,0.038280396539899196,0.02110604761323374
wdbc,Single tree (ours),project_implementation,1,0.9210526315789473,0.9146103896103897,0.9182771044873894,0.9163609684519443,0.9182771044873894,2.1813964038900178,0.15789473684178948,0.07894736842005268
wdbc,Single tree (ours),project_implementation,2,0.8771929824561403,0.8720347477447377,0.864723223059286,0.8680555555555556,0.864723223059286,3.393283294939471,0.2456140350872281,0.12280701754285972
wdbc,Single tree (ours),project_implementation,3,0.9035087719298246,0.8979284998329435,0.8938492063492063,0.8958039052762775,0.8938492063492064,2.6661511603097994,0.1929824561399649,0.09649122806917543
wdbc,Single tree (ours),project_implementation,4,0.9210526315789473,0.9106065417592887,0.9275793650793651,0.9170641015277665,0.9275793650793651,2.1813964038900178,0.15789473684178948,0.07894736842005268
wdbc,Single tree (ours),project_implementation,5,0.9292035398230089,0.9282534246575342,0.9193494299128102,0.9234417344173442,0.9193494299128102,1.956178486084367,0.1415929203536991,0.07079646017599106
wdbc,Random Forest (ours),project_implementation,1,0.9824561403508771,0.981329839502129,0.981329839502129,0.981329839502129,0.998689813298395,0.09379371488006752,0.04720877192982456,0.05324561403545604
wdbc,Random Forest (ours),project_implementation,2,0.9385964912280702,0.9473684210526316,0.9231903046184081,0.9329805996472664,0.9795283327874222,0.34101118861335383,0.07695263157891227,0.028684210525798347
wdbc,Random Forest (ours),project_implementation,3,0.956140350877193,0.9675324675324675,0.9404761904761905,0.951575906889814,0.9880952380952381,0.13336569138440957,0.06763333333333332,0.04254385964951743
wdbc,Random Forest (ours),project_implementation,4,0.9473684210526315,0.9375,0.9583333333333333,0.9449275362318841,0.9943783068783069,0.12150582730918508,0.07291052631578947,0.04657894736889478
wdbc,Random Forest (ours),project_implementation,5,0.9557522123893806,0.9601524601524601,0.9453386988598256,0.9518944231587909,0.9800469483568075,0.3168398336812253,0.05495575221235398,0.0353982300889999
wdbc,Single tree (sklearn reference only),reference_only,1,0.9210526315789473,0.9119318181818181,0.9274484113986243,0.9177027352209834,0.9274484113986243,2.1813964038900178,0.15789473684178948,0.07894736842005268
wdbc,Single tree (sklearn reference only),reference_only,2,0.8859649122807017,0.8942307692307692,0.8625941696691779,0.8740973579135163,0.8625941696691779,3.1509059167295805,0.22807017543814034,0.11403508771829829
wdbc,Single tree (sklearn reference only),reference_only,3,0.9385964912280702,0.941025641025641,0.9265873015873016,0.9329805996472663,0.9265873015873016,1.6966416474702357,0.12280701754361403,0.061403508770929816
wdbc,Single tree (sklearn reference only),reference_only,4,0.9298245614035088,0.920076726342711,0.9345238095238095,0.9259740259740259,0.9345238095238095,1.939019025680127,0.14035087719270176,0.07017543859549125
wdbc,Single tree (sklearn reference only),reference_only,5,0.9292035398230089,0.9282534246575342,0.9193494299128102,0.9234417344173442,0.9193494299128102,1.956178486084367,0.1415929203536991,0.07079646017599106
wdbc,"Random Forest, depth-1 (sklearn reference only)",reference_only,1,0.9473684210526315,0.9439895185063871,0.9439895185063871,0.9439895185063871,0.9911562397641664,0.21377490065596055,0.10091158913545747,0.11040263962917228
wdbc,"Random Forest, depth-1 (sklearn reference only)",reference_only,2,0.8771929824561403,0.8956228956228957,0.8463806092368162,0.861842105263158,0.9716672125777923,0.24937076787505663,0.140181328355245,0.11257995752860757
wdbc,"Random Forest, depth-1 (sklearn reference only)",reference_only,3,0.9035087719298246,0.9337349397590362,0.8690476190476191,0.8891736632788334,0.9811507936507936,0.258437014050401,0.13845721472729053,0.09491161366156256
wdbc,"Random Forest, depth-1 (sklearn reference only)",reference_only,4,0.9298245614035088,0.920076726342711,0.9345238095238095,0.9259740259740259,0.9874338624338624,0.22260146620170754,0.1098068540615731,0.10261668402419802
wdbc,"Random Forest, depth-1 (sklearn reference only)",reference_only,5,0.9380530973451328,0.9470128022759602,0.9215291750503019,0.9318866787221218,0.9834004024144869,0.22682315387208976,0.11017060360433033,0.10122049781470777
wdbc,"Random Forest, full (sklearn reference only)",reference_only,1,0.9649122807017544,0.9594202898550726,0.9672453324598755,0.962987012987013,0.9983622666229938,0.09786041371722402,0.051143859649122804,0.038771929824955906
wdbc,"Random Forest, full (sklearn reference only)",reference_only,2,0.9298245614035088,0.941031941031941,0.911562397641664,0.922972972972973,0.9773992793973141,0.35604607421644713,0.09007368421049122,0.027017543860149096
wdbc,"Random Forest, full (sklearn reference only)",reference_only,3,0.9649122807017544,0.9736842105263157,0.9523809523809523,0.9614864864864865,0.988260582010582,0.13095288735358643,0.06661754385964912,0.04087719298283302
wdbc,"Random Forest, full (sklearn reference only)",reference_only,4,0.956140350877193,0.9483091787439614,0.9603174603174602,0.9535338713621913,0.996031746031746,0.11487183555648252,0.06659824561403509,0.03745614035129826
wdbc,"Random Forest, full (sklearn reference only)",reference_only,5,0.9646017699115044,0.9669520547945205,0.9572434607645876,0.9617208672086721,0.9907780013413816,0.10783163704800608,0.060123893805309726,0.013628318584522013
adult,AdaBoost (ours),project_implementation,1,0.849,0.812671603818736,0.7641024686301523,0.7831702802560027,0.9011776658386481,0.32408715805280736,0.20943987434264813,0.017567805274262955
adult,AdaBoost (ours),project_implementation,2,0.865,0.8359202461599544,0.7880281278091905,0.8073605397329588,0.9149250793887201,0.3087255020313806,0.19679665674766714,0.015258685935682342
adult,AdaBoost (ours),project_implementation,3,0.834,0.7977938161240056,0.7311560988031576,0.75411050214783,0.8890533486121721,0.3479935918718928,0.22672159285476637,0.02637675093265355
adult,AdaBoost (ours),project_implementation,4,0.841,0.7974007827291478,0.7608331211272388,0.7758918868634589,0.894812091503268,0.3445893311816452,0.21435766630253394,0.022063225145773913
adult,AdaBoost (ours),project_implementation,5,0.848,0.8146142739273927,0.7589338765809355,0.7799856411681605,0.8954460572107631,0.33626084139778273,0.21260915700193436,0.018505974859505392
adult,"AdaBoost SAMME.R (ours, bonus)",project_bonus,1,0.851,0.8093820861678005,0.778682333416667,0.791873570876827,0.9084675982319055,0.3176557448628504,0.20386668520608778,0.021240377607218332
adult,"AdaBoost SAMME.R (ours, bonus)",project_bonus,2,0.864,0.8330111980365087,0.7886850461970543,0.806835742205254,0.9176750940164575,0.3011874775336977,0.19237695327779641,0.016317075738189316
adult,"AdaBoost SAMME.R (ours, bonus)",project_bonus,3,0.839,0.7975300974284657,0.7516021560139208,0.7695387482661726,0.899446142093201,0.339210169412582,0.21714627881081938,0.02965973669334388
adult,"AdaBoost SAMME.R (ours, bonus)",project_bonus,4,0.851,0.80819929474638,0.7833057465410407,0.7943054357204486,0.899647737883032,0.34678331878331004,0.20199017987784526,0.025484293404554263
adult,"AdaBoost SAMME.R (ours, bonus)",project_bonus,5,0.852,0.8088426974000138,0.7866055513114336,0.796568047987948,0.904700895509719,0.32374948029033895,0.20243374161771804,0.01923169636163103
adult,Single tree (ours),project_implementation,1,0.81,0.7473390815908596,0.7473390815908596,0.7473390815908596,0.7473390815908595,5.249894012027235,0.37999999999924,0.18999999999899997
adult,Single tree (ours),project_implementation,2,0.803,0.7385185874759511,0.7453151346549716,0.7417514495346937,0.7453151346549716,5.443311159838726,0.393999999999212,0.19699999999899998
adult,Single tree (ours),project_implementation,3,0.784,0.7124999999999999,0.7056277056277056,0.7088697677427702,0.7056277056277056,5.96830056104135,0.431999999999136,0.215999999999
adult,Single tree (ours),project_implementation,4,0.811,0.7493346244001037,0.7499893896952721,0.7496605847875757,0.7499893896952721,5.2222629909113065,0.377999999999244,0.18899999999899997
adult,Single tree (ours),project_implementation,5,0.801,0.7370130035242246,0.7472519310754604,0.7417459273073186,0.7472519310754605,5.498573202070582,0.39799999999920405,0.19899999999899998
adult,Random Forest (ours),project_implementation,1,0.845,0.8016593238195575,0.7680546173117941,0.7821904891720568,0.9088984515875085,0.3257051499548622,0.20923437645305756,0.031065510878017073
adult,Random Forest (ours),project_implementation,2,0.864,0.8304891307612372,0.7926584715876148,0.808600588834659,0.9136830515055931,0.3170593558509106,0.20069634111618836,0.035921356177382666
adult,Random Forest (ours),project_implementation,3,0.833,0.7930857237605704,0.7344346829640946,0.7555015804553528,0.8917430608607079,0.3503167712153549,0.22314733226275876,0.011947989141113015
adult,Random Forest (ours),project_implementation,4,0.84,0.7987500000000001,0.7535862829980478,0.7713292629942146,0.8897191452338511,0.3573409401864652,0.2206670421724948,0.01447370225468466
adult,Random Forest (ours),project_implementation,5,0.838,0.796304692813421,0.7496180290297938,0.7677419354838709,0.8967352092352092,0.34251696526662706,0.21820340470710614,0.021292773173713603
adult,Single tree (sklearn reference only),reference_only,1,0.811,0.7489240394001242,0.7387353124218746,0.7434961341203072,0.7387353124218746,5.2222629909113065,0.377999999999244,0.18899999999899997
adult,Single tree (sklearn reference only),reference_only,2,0.812,0.7500040107166348,0.7486741950755057,0.7493333333333333,0.7486741950755057,5.1946319697953784,0.37599999999924794,0.18799999999899997
adult,Single tree (sklearn reference only),reference_only,3,0.776,0.7026666666666668,0.701595789831084,0.7021260751386975,0.701595789831084,6.1893487299687715,0.447999999999104,0.223999999999
adult,Single tree (sklearn reference only),reference_only,4,0.804,0.7399622512010982,0.7374161785926492,0.7386666666666667,0.7374161785926492,5.415680138722799,0.39199999999921603,0.19599999999899997
adult,Single tree (sklearn reference only),reference_only,5,0.791,0.7249529780564263,0.7379360835243188,0.7307641274761005,0.7379360835243188,5.774883413229858,0.417999999999164,0.20899999999899999
adult,"Random Forest, depth-1 (sklearn reference only)",reference_only,1,0.749,0.3745,0.5,0.42824471126357916,0.8620311810169203,0.5050069110269843,0.3315280661429809,0.1361909341895331
adult,"Random Forest, depth-1 (sklearn reference only)",reference_only,2,0.749,0.3745,0.5,0.42824471126357916,0.8915792105277156,0.49048895076000415,0.3199194437082798,0.15826963162280733
adult,"Random Forest, depth-1 (sklearn reference only)",reference_only,3,0.748,0.374,0.5,0.4279176201372998,0.8684428316781257,0.5042392103680434,0.3305419431539572,0.11738556556288994
adult,"Random Forest, depth-1 (sklearn reference only)",reference_only,4,0.748,0.374,0.5,0.4279176201372998,0.8585036287242169,0.4900786771692085,0.32067367708440864,0.13055698105283342
adult,"Random Forest, depth-1 (sklearn reference only)",reference_only,5,0.748,0.374,0.5,0.4279176201372998,0.862026249893897,0.49353093077682136,0.32297474150898847,0.1345452378861779
adult,"Random Forest, full (sklearn reference only)",reference_only,1,0.847,0.8013853092783505,0.7786610567077484,0.7887834339948232,0.9002760652982197,0.3594479585122681,0.216709199999996,0.023000000000161967
adult,"Random Forest, full (sklearn reference only)",reference_only,2,0.848,0.8052436676047994,0.774030712929324,0.7873661945823145,0.8957840201277666,0.40767043602575675,0.21332739999998798,0.013649999999835941
adult,"Random Forest, full (sklearn reference only)",reference_only,3,0.825,0.7720189601540512,0.7435595450301333,0.7555562074056691,0.8753952338511162,0.3973506274047808,0.240671199999996,0.028099999999831957
adult,"Random Forest, full (sklearn reference only)",reference_only,4,0.83,0.7815044875400454,0.7442704354469061,0.7592872637475292,0.8781857439945675,0.4134161295378511,0.23299079999999203,0.024039999999803014
adult,"Random Forest, full (sklearn reference only)",reference_only,5,0.835,0.7833737151042746,0.7686635260164671,0.7754414616719403,0.8847959638400815,0.3829440783495348,0.229868799999996,0.018799999999819038
covertype,AdaBoost (ours),project_implementation,1,0.615,0.31875503937448063,0.3172085869412082,0.3148700908588444,0.8882876912746313,1.0276991564296398,0.5774744669807896,0.20631827834172
covertype,AdaBoost (ours),project_implementation,2,0.597,0.32502861232270536,0.31158417232953056,0.31337595510815236,0.8733589633365104,1.0351282301516034,0.5939844766288086,0.19454671844614857
covertype,AdaBoost (ours),project_implementation,3,0.648,0.3267543985688759,0.3156727476667699,0.3194407480030073,0.8968024289477403,0.8982536227124588,0.5063157851299027,0.15023273878905125
covertype,AdaBoost (ours),project_implementation,4,0.632,0.34659935185827606,0.3589961006371033,0.3508985204034912,0.8834114896283367,0.9485117795612602,0.5346037787157109,0.15754833530690845
covertype,AdaBoost (ours),project_implementation,5,0.594,0.31990096202853663,0.2964541813495746,0.29580194981761715,0.8747923920076666,0.9814047199081206,0.5694144696126926,0.17657000669530262
covertype,"AdaBoost SAMME.R (ours, bonus)",project_bonus,1,0.519,0.3334389082475729,0.3600651004782099,0.33079436144902236,0.8419250840374332,4.048112744833795,0.8722692649783796,0.41553027509712703
covertype,"AdaBoost SAMME.R (ours, bonus)",project_bonus,2,0.483,0.33168622476893156,0.37202016821541445,0.32689103156869515,0.822908514068594,4.755066603487862,0.9400720889995939,0.4496750060544001
covertype,"AdaBoost SAMME.R (ours, bonus)",project_bonus,3,0.546,0.3179032379348202,0.3191981882317635,0.30721352696186865,0.840401210945247,4.389788434817763,0.843339062603541,0.39947011002539606
covertype,"AdaBoost SAMME.R (ours, bonus)",project_bonus,4,0.523,0.4499091259855911,0.3542313899274469,0.3568451534828914,0.8406559671132328,4.54457690760062,0.8519386534079519,0.40769207088525683
covertype,"AdaBoost SAMME.R (ours, bonus)",project_bonus,5,0.453,0.2938716540169325,0.30328887262446624,0.2637982496783537,0.8154664108046673,5.646799285710008,1.0303422237657383,0.5052639579219484
covertype,Single tree (ours),project_implementation,1,0.666,0.5435858941733296,0.5536240483266694,0.5461019535994602,0.7379248722293517,9.228761052724131,0.6679999999953237,0.3339999999939993
covertype,Single tree (ours),project_implementation,2,0.695,0.5249317840289914,0.523778474714742,0.5181738266133697,0.7263449121425455,8.427461440362377,0.6099999999957297,0.3049999999939994
covertype,Single tree (ours),project_implementation,3,0.684,0.5504469867381846,0.528503600240977,0.5375915673559291,0.7271836428137667,8.731402672637524,0.6319999999955758,0.3159999999939993
covertype,Single tree (ours),project_implementation,4,0.671,0.49632233913789975,0.5237249132585108,0.5051602208297166,0.724542765143086,9.09060594714452,0.6579999999953937,0.3289999999939993
covertype,Single tree (ours),project_implementation,5,0.692,0.5030511221010826,0.4828398847716416,0.4874275705164021,0.7055396517776881,8.510354503710143,0.6159999999956878,0.3079999999939994
covertype,Random Forest (ours),project_implementation,1,0.759,0.7990405047960828,0.47689967449292997,0.513176367931404,0.9489149816900453,0.5999815016839668,0.3499938096529828,0.08175910854008306
covertype,Random Forest (ours),project_implementation,2,0.757,0.8699111573321238,0.4979094491051228,0.5475551766508463,0.9537171564594141,0.5946896384647842,0.3465379321436725,0.0714922277723259
covertype,Random Forest (ours),project_implementation,3,0.755,0.6559345530295632,0.4569872729907284,0.488959771030332,0.9459224224034529,0.5994162065448457,0.3450557148905759,0.08300093257603136
covertype,Random Forest (ours),project_implementation,4,0.75,0.6669359415187976,0.4390484819875193,0.4599116833943967,0.9547553541922095,0.5935542850147547,0.3463231800416695,0.07852506615086724
covertype,Random Forest (ours),project_implementation,5,0.745,0.590294005325679,0.4459109537058728,0.4628265592434719,0.9569250890479062,0.5876534212617166,0.3447222794927003,0.07758432989650704
covertype,Single tree (sklearn reference only),reference_only,1,0.656,0.5424399182277334,0.5379772421694512,0.5370652073929205,0.7287816328898915,9.505071263883353,0.6879999999951838,0.34399999999399933
covertype,Single tree (sklearn reference only),reference_only,2,0.698,0.5413995847332469,0.5324276623155397,0.5356550209386481,0.7310235296154483,8.34456837701461,0.6039999999957718,0.3019999999939994
covertype,Single tree (sklearn reference only),reference_only,3,0.688,0.5774117638297793,0.5386853611173706,0.5562555588433755,0.7324118436337911,8.620878588173833,0.6239999999956317,0.3119999999939994
covertype,Single tree (sklearn reference only),reference_only,4,0.672,0.5179986133582958,0.5608976161627691,0.5326399467035047,0.7433914627970838,9.062974926028595,0.6559999999954077,0.3279999999939993
covertype,Single tree (sklearn reference only),reference_only,5,0.692,0.5105501403981467,0.49409086307287053,0.4997073049129867,0.7112511539168865,8.510354503710143,0.6159999999956878,0.3079999999939994
covertype,"Random Forest, depth-1 (sklearn reference only)",reference_only,1,0.5,0.17212730603723744,0.1508212708185938,0.11395790200138026,0.8911873552992496,1.081176623465357,0.5798552985218626,0.14202988196000121
covertype,"Random Forest, depth-1 (sklearn reference only)",reference_only,2,0.482,0.06885714285714285,0.14285714285714285,0.09292461924040872,0.8935826545962156,1.0675709791718322,0.5770523690304342,0.20771367922095574
covertype,"Random Forest, depth-1 (sklearn reference only)",reference_only,3,0.511,0.20123701654574871,0.15416913653428174,0.11652754071718228,0.8968175003888519,1.0802056590850093,0.5783079707977025,0.13430207000593902
covertype,"Random Forest, depth-1 (sklearn reference only)",reference_only,4,0.518,0.1904761904761905,0.157517371624137,0.12488995598239296,0.8924982851259092,1.0667003840496656,0.5758888080197871,0.14855253000924634
covertype,"Random Forest, depth-1 (sklearn reference only)",reference_only,5,0.516,0.18187535004372474,0.15719063010783269,0.12583770521512444,0.8950484527965076,1.0653448904737146,0.5732042721651738,0.16929668767361084
covertype,"Random Forest, full (sklearn reference only)",reference_only,1,0.77,0.8326485510565521,0.5719534647208372,0.6293956635206822,0.9459881725169546,0.6216223624203353,0.3342802000002498,0.06660000000263731
covertype,"Random Forest, full (sklearn reference only)",reference_only,2,0.775,0.8344431078516267,0.5383885482091824,0.5987299361434028,0.9433771393710124,0.6344649698096948,0.3282872000002478,0.06801000000191633
covertype,"Random Forest, full (sklearn reference only)",reference_only,3,0.782,0.6987915462701019,0.5344048840625611,0.5700428550134832,0.9445222494968927,0.6045752372870291,0.3327674000002223,0.07480000000260657
covertype,"Random Forest, full (sklearn reference only)",reference_only,4,0.776,0.8381219326560114,0.571727865708331,0.6360516446671731,0.9530685950399805,0.5891094356557853,0.3306824000002248,0.06538000000261107
covertype,"Random Forest, full (sklearn reference only)",reference_only,5,0.776,0.7198133765973102,0.5161572000344788,0.5529738330707848,0.9606049761386782,0.5771048138164349,0.3248952000002207,0.06367000000178116
