dataset,dataset_description,minority_fraction,imbalance_treatment,sweep,n_estimators,max_depth,test_accuracy,test_f1_macro,test_auc_roc,minority_recall,oob_accuracy,fit_seconds
breast_cancer,Breast Cancer Wisconsin Diagnostic from sklearn.datasets.,0.37258347978910367,none,n_estimators,1,None,0.9090909090909091,0.902939487286587,0.9045073375262055,0.8867924528301887,0.9150326797385621,0.09122189998743124
breast_cancer,Breast Cancer Wisconsin Diagnostic from sklearn.datasets.,0.37258347978910367,none,n_estimators,10,None,0.951048951048951,0.9477366470004699,0.9926624737945493,0.9433962264150944,0.9146919431279621,0.9172458999964874
breast_cancer,Breast Cancer Wisconsin Diagnostic from sklearn.datasets.,0.37258347978910367,none,n_estimators,20,None,0.951048951048951,0.947329650092081,0.9950733752620544,0.9245283018867925,0.9436619718309859,1.5159103000187315
breast_cancer,Breast Cancer Wisconsin Diagnostic from sklearn.datasets.,0.37258347978910367,none,n_estimators,30,None,0.951048951048951,0.947329650092081,0.9946540880503145,0.9245283018867925,0.9530516431924883,2.1481680999859236
breast_cancer,Breast Cancer Wisconsin Diagnostic from sklearn.datasets.,0.37258347978910367,none,n_estimators,40,None,0.951048951048951,0.947329650092081,0.9950733752620545,0.9245283018867925,0.9507042253521126,2.9731337999983225
breast_cancer,Breast Cancer Wisconsin Diagnostic from sklearn.datasets.,0.37258347978910367,none,n_estimators,50,None,0.958041958041958,0.9546703296703296,0.9953878406708596,0.9245283018867925,0.9530516431924883,3.9991383000160567
breast_cancer,Breast Cancer Wisconsin Diagnostic from sklearn.datasets.,0.37258347978910367,none,n_estimators,60,None,0.958041958041958,0.9546703296703296,0.9944444444444444,0.9245283018867925,0.9507042253521126,4.274118400004227
breast_cancer,Breast Cancer Wisconsin Diagnostic from sklearn.datasets.,0.37258347978910367,none,n_estimators,70,None,0.958041958041958,0.9546703296703296,0.9941299790356394,0.9245283018867925,0.9553990610328639,5.283398400002625
breast_cancer,Breast Cancer Wisconsin Diagnostic from sklearn.datasets.,0.37258347978910367,none,n_estimators,80,None,0.958041958041958,0.9546703296703296,0.9943396226415094,0.9245283018867925,0.9577464788732394,5.9592694000166375
breast_cancer,Breast Cancer Wisconsin Diagnostic from sklearn.datasets.,0.37258347978910367,none,n_estimators,90,None,0.958041958041958,0.9546703296703296,0.9943396226415094,0.9245283018867925,0.9553990610328639,6.524029200023506
breast_cancer,Breast Cancer Wisconsin Diagnostic from sklearn.datasets.,0.37258347978910367,none,n_estimators,100,None,0.958041958041958,0.9546703296703296,0.9942348008385744,0.9245283018867925,0.9553990610328639,6.8900033999816515
breast_cancer,Breast Cancer Wisconsin Diagnostic from sklearn.datasets.,0.37258347978910367,none,n_estimators,110,None,0.958041958041958,0.9546703296703296,0.9940251572327045,0.9245283018867925,0.960093896713615,7.992098300019279
breast_cancer,Breast Cancer Wisconsin Diagnostic from sklearn.datasets.,0.37258347978910367,none,n_estimators,120,None,0.958041958041958,0.9546703296703296,0.9942348008385744,0.9245283018867925,0.9647887323943662,8.456921100005275
breast_cancer,Breast Cancer Wisconsin Diagnostic from sklearn.datasets.,0.37258347978910367,none,n_estimators,130,None,0.958041958041958,0.9546703296703296,0.9941299790356394,0.9245283018867925,0.9624413145539906,8.95143879999523
breast_cancer,Breast Cancer Wisconsin Diagnostic from sklearn.datasets.,0.37258347978910367,none,n_estimators,140,None,0.958041958041958,0.9546703296703296,0.9942348008385745,0.9245283018867925,0.960093896713615,10.159818799991626
breast_cancer,Breast Cancer Wisconsin Diagnostic from sklearn.datasets.,0.37258347978910367,none,n_estimators,150,None,0.958041958041958,0.9546703296703296,0.9944444444444446,0.9245283018867925,0.9624413145539906,10.508048399991821
breast_cancer,Breast Cancer Wisconsin Diagnostic from sklearn.datasets.,0.37258347978910367,none,n_estimators,160,None,0.958041958041958,0.9546703296703296,0.9943396226415094,0.9245283018867925,0.9553990610328639,11.2861481999862
breast_cancer,Breast Cancer Wisconsin Diagnostic from sklearn.datasets.,0.37258347978910367,none,n_estimators,170,None,0.958041958041958,0.9546703296703296,0.9944444444444446,0.9245283018867925,0.9577464788732394,12.008566100004828
breast_cancer,Breast Cancer Wisconsin Diagnostic from sklearn.datasets.,0.37258347978910367,none,n_estimators,180,None,0.958041958041958,0.9546703296703296,0.9943396226415094,0.9245283018867925,0.960093896713615,12.683737200015457
breast_cancer,Breast Cancer Wisconsin Diagnostic from sklearn.datasets.,0.37258347978910367,none,n_estimators,190,None,0.958041958041958,0.9546703296703296,0.9943396226415094,0.9245283018867925,0.9624413145539906,13.639078599982895
breast_cancer,Breast Cancer Wisconsin Diagnostic from sklearn.datasets.,0.37258347978910367,none,n_estimators,200,None,0.958041958041958,0.9546703296703296,0.9942348008385745,0.9245283018867925,0.9624413145539906,13.89415179999196
digits_3_vs_8,High-dimensional 64-feature Digits subset: class 3 vs class 8.,0.48739495798319327,none,n_estimators,1,None,0.8111111111111111,0.8109010011123471,0.8107707509881423,0.7954545454545454,0.9183673469387755,0.018609199993079528
digits_3_vs_8,High-dimensional 64-feature Digits subset: class 3 vs class 8.,0.48739495798319327,none,n_estimators,10,None,0.9555555555555556,0.9554675903018308,0.9903656126482213,0.9318181818181818,0.9060150375939849,0.15142210002522916
digits_3_vs_8,High-dimensional 64-feature Digits subset: class 3 vs class 8.,0.48739495798319327,none,n_estimators,20,None,0.9666666666666667,0.9666625509322139,0.9975296442687747,0.9772727272727273,0.9662921348314607,0.2957643000117969
digits_3_vs_8,High-dimensional 64-feature Digits subset: class 3 vs class 8.,0.48739495798319327,none,n_estimators,30,None,0.9777777777777777,0.9777667984189724,0.9980237154150198,0.9772727272727273,0.9775280898876404,0.42646139999851584
digits_3_vs_8,High-dimensional 64-feature Digits subset: class 3 vs class 8.,0.48739495798319327,none,n_estimators,40,None,0.9888888888888889,0.9888875169774046,0.999505928853755,1.0,0.9812734082397003,0.5645335000008345
digits_3_vs_8,High-dimensional 64-feature Digits subset: class 3 vs class 8.,0.48739495798319327,none,n_estimators,50,None,0.9777777777777777,0.9777777777777777,0.999505928853755,1.0,0.9812734082397003,0.6881897999846842
digits_3_vs_8,High-dimensional 64-feature Digits subset: class 3 vs class 8.,0.48739495798319327,none,n_estimators,60,None,0.9888888888888889,0.9888875169774046,0.9992588932806324,1.0,0.9812734082397003,0.8439769000106025
digits_3_vs_8,High-dimensional 64-feature Digits subset: class 3 vs class 8.,0.48739495798319327,none,n_estimators,70,None,0.9777777777777777,0.9777777777777777,0.999505928853755,1.0,0.9850187265917603,0.9786883000051603
digits_3_vs_8,High-dimensional 64-feature Digits subset: class 3 vs class 8.,0.48739495798319327,none,n_estimators,80,None,0.9777777777777777,0.9777777777777777,0.9997529644268774,1.0,0.9850187265917603,1.1671938999788836
digits_3_vs_8,High-dimensional 64-feature Digits subset: class 3 vs class 8.,0.48739495798319327,none,n_estimators,90,None,0.9777777777777777,0.9777777777777777,1.0,1.0,0.9850187265917603,1.5145665000018198
digits_3_vs_8,High-dimensional 64-feature Digits subset: class 3 vs class 8.,0.48739495798319327,none,n_estimators,100,None,0.9888888888888889,0.9888875169774046,1.0,1.0,0.9812734082397003,1.550063400005456
digits_3_vs_8,High-dimensional 64-feature Digits subset: class 3 vs class 8.,0.48739495798319327,none,n_estimators,110,None,0.9888888888888889,0.9888875169774046,1.0,1.0,0.9925093632958801,1.7020049999991897
digits_3_vs_8,High-dimensional 64-feature Digits subset: class 3 vs class 8.,0.48739495798319327,none,n_estimators,120,None,0.9888888888888889,0.9888875169774046,1.0,1.0,0.9850187265917603,1.7935674999898765
digits_3_vs_8,High-dimensional 64-feature Digits subset: class 3 vs class 8.,0.48739495798319327,none,n_estimators,130,None,0.9888888888888889,0.9888875169774046,1.0,1.0,0.9850187265917603,1.9100092000153381
digits_3_vs_8,High-dimensional 64-feature Digits subset: class 3 vs class 8.,0.48739495798319327,none,n_estimators,140,None,0.9888888888888889,0.9888875169774046,1.0,1.0,0.9850187265917603,2.087958299991442
digits_3_vs_8,High-dimensional 64-feature Digits subset: class 3 vs class 8.,0.48739495798319327,none,n_estimators,150,None,0.9888888888888889,0.9888875169774046,1.0,1.0,0.9887640449438202,2.147291800007224
digits_3_vs_8,High-dimensional 64-feature Digits subset: class 3 vs class 8.,0.48739495798319327,none,n_estimators,160,None,0.9888888888888889,0.9888875169774046,1.0,1.0,0.9887640449438202,2.302278399991337
digits_3_vs_8,High-dimensional 64-feature Digits subset: class 3 vs class 8.,0.48739495798319327,none,n_estimators,170,None,0.9888888888888889,0.9888875169774046,1.0,1.0,0.9887640449438202,2.421964199980721
digits_3_vs_8,High-dimensional 64-feature Digits subset: class 3 vs class 8.,0.48739495798319327,none,n_estimators,180,None,0.9777777777777777,0.9777777777777777,1.0,1.0,0.9887640449438202,2.6607806000101846
digits_3_vs_8,High-dimensional 64-feature Digits subset: class 3 vs class 8.,0.48739495798319327,none,n_estimators,190,None,0.9888888888888889,0.9888875169774046,0.9999999999999999,1.0,0.9887640449438202,2.6882101999945007
digits_3_vs_8,High-dimensional 64-feature Digits subset: class 3 vs class 8.,0.48739495798319327,none,n_estimators,200,None,0.9888888888888889,0.9888875169774046,1.0,1.0,0.9887640449438202,2.8617120000126306
covertype_type4_imbalanced,Covertype one-vs-rest: cover type 4 as the positive class.,0.0047,random_oversampling_train_only,n_estimators,1,None,0.992,0.7202077177903125,0.8310389871382636,0.6666666666666666,0.9948979591836735,0.4515269999974407
covertype_type4_imbalanced,Covertype one-vs-rest: cover type 4 as the positive class.,0.0047,random_oversampling_train_only,n_estimators,10,None,0.9972,0.8326303809332529,0.9930834673097535,0.5833333333333334,0.9977663462840125,3.634424099989701
covertype_type4_imbalanced,Covertype one-vs-rest: cover type 4 as the positive class.,0.0047,random_oversampling_train_only,n_estimators,20,None,0.9972,0.8326303809332529,0.9931002143622722,0.5833333333333334,0.9986599664991624,7.342714600003092
covertype_type4_imbalanced,Covertype one-vs-rest: cover type 4 as the positive class.,0.0047,random_oversampling_train_only,n_estimators,30,None,0.9972,0.8471228520760716,0.9939710610932476,0.6666666666666666,0.9987273945077026,10.678487700002734
covertype_type4_imbalanced,Covertype one-vs-rest: cover type 4 as the positive class.,0.0047,random_oversampling_train_only,n_estimators,40,None,0.9964,0.8034436669549493,0.9938705787781351,0.5833333333333334,0.9989953114534494,15.03208960001939
covertype_type4_imbalanced,Covertype one-vs-rest: cover type 4 as the positive class.,0.0047,random_oversampling_train_only,n_estimators,50,None,0.9968,0.832529474812433,0.9934686495176849,0.6666666666666666,0.9987273945077026,18.009077399998205
covertype_type4_imbalanced,Covertype one-vs-rest: cover type 4 as the positive class.,0.0047,random_oversampling_train_only,n_estimators,60,None,0.9968,0.832529474812433,0.992497320471597,0.6666666666666666,0.9986604152712659,20.882273299997905
covertype_type4_imbalanced,Covertype one-vs-rest: cover type 4 as the positive class.,0.0047,random_oversampling_train_only,n_estimators,70,None,0.9972,0.8471228520760716,0.9929662379421221,0.6666666666666666,0.998861352980576,24.53288019998581
covertype_type4_imbalanced,Covertype one-vs-rest: cover type 4 as the positive class.,0.0047,random_oversampling_train_only,n_estimators,80,None,0.9968,0.832529474812433,0.9927317792068596,0.6666666666666666,0.9986604152712659,39.54977680000593
covertype_type4_imbalanced,Covertype one-vs-rest: cover type 4 as the positive class.,0.0047,random_oversampling_train_only,n_estimators,90,None,0.9968,0.832529474812433,0.992363344051447,0.6666666666666666,0.9985264567983925,56.46030579999206
covertype_type4_imbalanced,Covertype one-vs-rest: cover type 4 as the positive class.,0.0047,random_oversampling_train_only,n_estimators,100,None,0.9972,0.8471228520760716,0.9928322615219721,0.6666666666666666,0.9986604152712659,65.44189660000848
covertype_type4_imbalanced,Covertype one-vs-rest: cover type 4 as the positive class.,0.0047,random_oversampling_train_only,n_estimators,110,None,0.9968,0.832529474812433,0.9930667202572347,0.6666666666666666,0.9985934360348292,77.69620549998945
covertype_type4_imbalanced,Covertype one-vs-rest: cover type 4 as the positive class.,0.0047,random_oversampling_train_only,n_estimators,120,None,0.9968,0.832529474812433,0.9927987674169346,0.6666666666666666,0.9985264567983925,85.63802370001213
covertype_type4_imbalanced,Covertype one-vs-rest: cover type 4 as the positive class.,0.0047,random_oversampling_train_only,n_estimators,130,None,0.9968,0.832529474812433,0.9926647909967846,0.6666666666666666,0.9985264567983925,64.09114689999842
covertype_type4_imbalanced,Covertype one-vs-rest: cover type 4 as the positive class.,0.0047,random_oversampling_train_only,n_estimators,140,None,0.9968,0.832529474812433,0.9925978027867096,0.6666666666666666,0.9985934360348292,48.08321460001753
covertype_type4_imbalanced,Covertype one-vs-rest: cover type 4 as the positive class.,0.0047,random_oversampling_train_only,n_estimators,150,None,0.9968,0.832529474812433,0.9925643086816721,0.6666666666666666,0.9985934360348292,51.54608219998772
covertype_type4_imbalanced,Covertype one-vs-rest: cover type 4 as the positive class.,0.0047,random_oversampling_train_only,n_estimators,160,None,0.9964,0.8190954773869347,0.9924638263665595,0.6666666666666666,0.9986604152712659,54.41038139999728
covertype_type4_imbalanced,Covertype one-vs-rest: cover type 4 as the positive class.,0.0047,random_oversampling_train_only,n_estimators,170,None,0.9968,0.832529474812433,0.9925978027867095,0.6666666666666666,0.9986604152712659,58.04350919998251
covertype_type4_imbalanced,Covertype one-vs-rest: cover type 4 as the positive class.,0.0047,random_oversampling_train_only,n_estimators,180,None,0.9968,0.832529474812433,0.992765273311897,0.6666666666666666,0.9985934360348292,61.31699560000561
covertype_type4_imbalanced,Covertype one-vs-rest: cover type 4 as the positive class.,0.0047,random_oversampling_train_only,n_estimators,190,None,0.9964,0.8190954773869347,0.992698285101822,0.6666666666666666,0.9985934360348292,65.01324869997916
covertype_type4_imbalanced,Covertype one-vs-rest: cover type 4 as the positive class.,0.0047,random_oversampling_train_only,n_estimators,200,None,0.9968,0.832529474812433,0.9931337084673099,0.6666666666666666,0.9985934360348292,68.57269999998971
breast_cancer,Breast Cancer Wisconsin Diagnostic from sklearn.datasets.,0.37258347978910367,none,max_depth,100,1,0.916083916083916,0.9085677749360614,0.9884696016771488,0.8490566037735849,0.9225352112676056,1.5467070000013337
breast_cancer,Breast Cancer Wisconsin Diagnostic from sklearn.datasets.,0.37258347978910367,none,max_depth,100,2,0.9440559440559441,0.9400419287211741,0.989937106918239,0.9245283018867925,0.9553990610328639,3.1492832000076305
breast_cancer,Breast Cancer Wisconsin Diagnostic from sklearn.datasets.,0.37258347978910367,none,max_depth,100,3,0.9440559440559441,0.9400419287211741,0.9922431865828093,0.9245283018867925,0.9460093896713615,4.603772600006778
breast_cancer,Breast Cancer Wisconsin Diagnostic from sklearn.datasets.,0.37258347978910367,none,max_depth,100,4,0.958041958041958,0.9546703296703296,0.9928721174004193,0.9245283018867925,0.9553990610328639,5.67860300000757
breast_cancer,Breast Cancer Wisconsin Diagnostic from sklearn.datasets.,0.37258347978910367,none,max_depth,100,5,0.951048951048951,0.947329650092081,0.9937106918238994,0.9245283018867925,0.9553990610328639,6.606438999995589
breast_cancer,Breast Cancer Wisconsin Diagnostic from sklearn.datasets.,0.37258347978910367,none,max_depth,100,6,0.958041958041958,0.9546703296703296,0.9945492662473795,0.9245283018867925,0.960093896713615,6.816584900021553
breast_cancer,Breast Cancer Wisconsin Diagnostic from sklearn.datasets.,0.37258347978910367,none,max_depth,100,7,0.958041958041958,0.9546703296703296,0.9947589098532496,0.9245283018867925,0.9553990610328639,7.3497175999800675
breast_cancer,Breast Cancer Wisconsin Diagnostic from sklearn.datasets.,0.37258347978910367,none,max_depth,100,8,0.958041958041958,0.9546703296703296,0.9944444444444444,0.9245283018867925,0.9577464788732394,7.013015200005611
breast_cancer,Breast Cancer Wisconsin Diagnostic from sklearn.datasets.,0.37258347978910367,none,max_depth,100,9,0.958041958041958,0.9546703296703296,0.9943396226415094,0.9245283018867925,0.9553990610328639,6.9350965000048745
breast_cancer,Breast Cancer Wisconsin Diagnostic from sklearn.datasets.,0.37258347978910367,none,max_depth,100,10,0.958041958041958,0.9546703296703296,0.9942348008385744,0.9245283018867925,0.9553990610328639,7.038829599972814
breast_cancer,Breast Cancer Wisconsin Diagnostic from sklearn.datasets.,0.37258347978910367,none,max_depth,100,11,0.958041958041958,0.9546703296703296,0.9942348008385744,0.9245283018867925,0.9553990610328639,7.213159700011602
breast_cancer,Breast Cancer Wisconsin Diagnostic from sklearn.datasets.,0.37258347978910367,none,max_depth,100,12,0.958041958041958,0.9546703296703296,0.9942348008385744,0.9245283018867925,0.9553990610328639,7.07309710001573
breast_cancer,Breast Cancer Wisconsin Diagnostic from sklearn.datasets.,0.37258347978910367,none,max_depth,100,13,0.958041958041958,0.9546703296703296,0.9942348008385744,0.9245283018867925,0.9553990610328639,7.024278400000185
breast_cancer,Breast Cancer Wisconsin Diagnostic from sklearn.datasets.,0.37258347978910367,none,max_depth,100,14,0.958041958041958,0.9546703296703296,0.9942348008385744,0.9245283018867925,0.9553990610328639,7.50550640001893
breast_cancer,Breast Cancer Wisconsin Diagnostic from sklearn.datasets.,0.37258347978910367,none,max_depth,100,15,0.958041958041958,0.9546703296703296,0.9942348008385744,0.9245283018867925,0.9553990610328639,7.361917000001995
breast_cancer,Breast Cancer Wisconsin Diagnostic from sklearn.datasets.,0.37258347978910367,none,max_depth,100,16,0.958041958041958,0.9546703296703296,0.9942348008385744,0.9245283018867925,0.9553990610328639,7.4541180999949574
breast_cancer,Breast Cancer Wisconsin Diagnostic from sklearn.datasets.,0.37258347978910367,none,max_depth,100,17,0.958041958041958,0.9546703296703296,0.9942348008385744,0.9245283018867925,0.9553990610328639,7.138454300002195
breast_cancer,Breast Cancer Wisconsin Diagnostic from sklearn.datasets.,0.37258347978910367,none,max_depth,100,18,0.958041958041958,0.9546703296703296,0.9942348008385744,0.9245283018867925,0.9553990610328639,6.883469599997625
breast_cancer,Breast Cancer Wisconsin Diagnostic from sklearn.datasets.,0.37258347978910367,none,max_depth,100,19,0.958041958041958,0.9546703296703296,0.9942348008385744,0.9245283018867925,0.9553990610328639,7.055783499992685
breast_cancer,Breast Cancer Wisconsin Diagnostic from sklearn.datasets.,0.37258347978910367,none,max_depth,100,20,0.958041958041958,0.9546703296703296,0.9942348008385744,0.9245283018867925,0.9553990610328639,7.34639680001419
digits_3_vs_8,High-dimensional 64-feature Digits subset: class 3 vs class 8.,0.48739495798319327,none,max_depth,100,1,0.9222222222222223,0.9219814241486068,0.9920948616600791,1.0,0.9063670411985019,0.24076380001497455
digits_3_vs_8,High-dimensional 64-feature Digits subset: class 3 vs class 8.,0.48739495798319327,none,max_depth,100,2,0.9666666666666667,0.9666625509322139,0.9960474308300395,1.0,0.947565543071161,0.5437390000151936
digits_3_vs_8,High-dimensional 64-feature Digits subset: class 3 vs class 8.,0.48739495798319327,none,max_depth,100,3,0.9777777777777777,0.9777777777777777,0.999505928853755,1.0,0.9550561797752809,0.8826981000020169
digits_3_vs_8,High-dimensional 64-feature Digits subset: class 3 vs class 8.,0.48739495798319327,none,max_depth,100,4,0.9777777777777777,0.9777777777777777,1.0,1.0,0.9812734082397003,1.1907916000054684
digits_3_vs_8,High-dimensional 64-feature Digits subset: class 3 vs class 8.,0.48739495798319327,none,max_depth,100,5,0.9777777777777777,0.9777777777777777,1.0,1.0,0.9887640449438202,1.475929099979112
digits_3_vs_8,High-dimensional 64-feature Digits subset: class 3 vs class 8.,0.48739495798319327,none,max_depth,100,6,0.9777777777777777,0.9777777777777777,1.0,1.0,0.9850187265917603,1.5539029999927152
digits_3_vs_8,High-dimensional 64-feature Digits subset: class 3 vs class 8.,0.48739495798319327,none,max_depth,100,7,0.9888888888888889,0.9888875169774046,1.0,1.0,0.9850187265917603,1.4722819000016898
digits_3_vs_8,High-dimensional 64-feature Digits subset: class 3 vs class 8.,0.48739495798319327,none,max_depth,100,8,0.9888888888888889,0.9888875169774046,1.0,1.0,0.9812734082397003,1.4497565000201575
digits_3_vs_8,High-dimensional 64-feature Digits subset: class 3 vs class 8.,0.48739495798319327,none,max_depth,100,9,0.9888888888888889,0.9888875169774046,1.0,1.0,0.9812734082397003,1.42095669999253
digits_3_vs_8,High-dimensional 64-feature Digits subset: class 3 vs class 8.,0.48739495798319327,none,max_depth,100,10,0.9888888888888889,0.9888875169774046,1.0,1.0,0.9812734082397003,1.4254305000067689
digits_3_vs_8,High-dimensional 64-feature Digits subset: class 3 vs class 8.,0.48739495798319327,none,max_depth,100,11,0.9888888888888889,0.9888875169774046,1.0,1.0,0.9812734082397003,1.4384835999808274
digits_3_vs_8,High-dimensional 64-feature Digits subset: class 3 vs class 8.,0.48739495798319327,none,max_depth,100,12,0.9888888888888889,0.9888875169774046,1.0,1.0,0.9812734082397003,1.6529324000002816
digits_3_vs_8,High-dimensional 64-feature Digits subset: class 3 vs class 8.,0.48739495798319327,none,max_depth,100,13,0.9888888888888889,0.9888875169774046,1.0,1.0,0.9812734082397003,1.4436309000011533
digits_3_vs_8,High-dimensional 64-feature Digits subset: class 3 vs class 8.,0.48739495798319327,none,max_depth,100,14,0.9888888888888889,0.9888875169774046,1.0,1.0,0.9812734082397003,1.4876423999958206
digits_3_vs_8,High-dimensional 64-feature Digits subset: class 3 vs class 8.,0.48739495798319327,none,max_depth,100,15,0.9888888888888889,0.9888875169774046,1.0,1.0,0.9812734082397003,1.4207613000180572
digits_3_vs_8,High-dimensional 64-feature Digits subset: class 3 vs class 8.,0.48739495798319327,none,max_depth,100,16,0.9888888888888889,0.9888875169774046,1.0,1.0,0.9812734082397003,1.6283917999826372
digits_3_vs_8,High-dimensional 64-feature Digits subset: class 3 vs class 8.,0.48739495798319327,none,max_depth,100,17,0.9888888888888889,0.9888875169774046,1.0,1.0,0.9812734082397003,1.7856656000076327
digits_3_vs_8,High-dimensional 64-feature Digits subset: class 3 vs class 8.,0.48739495798319327,none,max_depth,100,18,0.9888888888888889,0.9888875169774046,1.0,1.0,0.9812734082397003,1.64016619999893
digits_3_vs_8,High-dimensional 64-feature Digits subset: class 3 vs class 8.,0.48739495798319327,none,max_depth,100,19,0.9888888888888889,0.9888875169774046,1.0,1.0,0.9812734082397003,1.511184900009539
digits_3_vs_8,High-dimensional 64-feature Digits subset: class 3 vs class 8.,0.48739495798319327,none,max_depth,100,20,0.9888888888888889,0.9888875169774046,1.0,1.0,0.9812734082397003,1.4857611999905203
covertype_type4_imbalanced,Covertype one-vs-rest: cover type 4 as the positive class.,0.0047,random_oversampling_train_only,max_depth,100,1,0.8956,0.5144276385555617,0.9934686495176848,1.0,0.9326858673811118,8.718588099989574
covertype_type4_imbalanced,Covertype one-vs-rest: cover type 4 as the positive class.,0.0047,random_oversampling_train_only,max_depth,100,2,0.9512,0.5696248257333311,0.9941217845659164,1.0,0.9721366376423308,14.85625089998939
covertype_type4_imbalanced,Covertype one-vs-rest: cover type 4 as the positive class.,0.0047,random_oversampling_train_only,max_depth,100,3,0.9584,0.5830767651888342,0.9934016613076098,1.0,0.9768251841929002,19.090353100007633
covertype_type4_imbalanced,Covertype one-vs-rest: cover type 4 as the positive class.,0.0047,random_oversampling_train_only,max_depth,100,4,0.9664,0.6025256654856,0.9945069667738479,1.0,0.9835231078365707,23.068825999973342
covertype_type4_imbalanced,Covertype one-vs-rest: cover type 4 as the positive class.,0.0047,random_oversampling_train_only,max_depth,100,5,0.9712,0.6013606888487297,0.9933681672025723,0.8333333333333334,0.9864032150033489,25.382848699984606
covertype_type4_imbalanced,Covertype one-vs-rest: cover type 4 as the positive class.,0.0047,random_oversampling_train_only,max_depth,100,6,0.9832,0.6570375886802806,0.993602625937835,0.8333333333333334,0.9905559276624246,27.722122600011062
covertype_type4_imbalanced,Covertype one-vs-rest: cover type 4 as the positive class.,0.0047,random_oversampling_train_only,max_depth,100,7,0.9904,0.7118653835071745,0.9942055198285101,0.75,0.994574681848627,29.21777970000403
covertype_type4_imbalanced,Covertype one-vs-rest: cover type 4 as the positive class.,0.0047,random_oversampling_train_only,max_depth,100,8,0.9924,0.7413290784235778,0.9935691318327974,0.75,0.9954454119223041,30.19286499998998
covertype_type4_imbalanced,Covertype one-vs-rest: cover type 4 as the positive class.,0.0047,random_oversampling_train_only,max_depth,100,9,0.9928,0.7334817938452063,0.9939040728831725,0.6666666666666666,0.9963831212324179,30.784005599998636
covertype_type4_imbalanced,Covertype one-vs-rest: cover type 4 as the positive class.,0.0047,random_oversampling_train_only,max_depth,100,10,0.9928,0.7334817938452063,0.9930667202572347,0.6666666666666666,0.9963161419959813,31.66286820001551
covertype_type4_imbalanced,Covertype one-vs-rest: cover type 4 as the positive class.,0.0047,random_oversampling_train_only,max_depth,100,11,0.9944,0.7652582159624413,0.9931337084673098,0.6666666666666666,0.9967180174146014,32.76929419999942
covertype_type4_imbalanced,Covertype one-vs-rest: cover type 4 as the positive class.,0.0047,random_oversampling_train_only,max_depth,100,12,0.9948,0.7745544849783919,0.99380359056806,0.6666666666666666,0.9975217682518419,33.49356380000245
covertype_type4_imbalanced,Covertype one-vs-rest: cover type 4 as the positive class.,0.0047,random_oversampling_train_only,max_depth,100,13,0.9952,0.7845075278703597,0.9939710610932476,0.6666666666666666,0.9977896851975887,33.834438399993815
covertype_type4_imbalanced,Covertype one-vs-rest: cover type 4 as the positive class.,0.0047,random_oversampling_train_only,max_depth,100,14,0.9964,0.8190954773869347,0.99366961414791,0.6666666666666666,0.9979236436704622,34.55696980000357
covertype_type4_imbalanced,Covertype one-vs-rest: cover type 4 as the positive class.,0.0047,random_oversampling_train_only,max_depth,100,15,0.9964,0.8190954773869347,0.9935691318327975,0.6666666666666666,0.9981245813797722,40.01358760002768
covertype_type4_imbalanced,Covertype one-vs-rest: cover type 4 as the positive class.,0.0047,random_oversampling_train_only,max_depth,100,16,0.9964,0.8190954773869347,0.9936361200428725,0.6666666666666666,0.998191560616209,73.69651619999786
covertype_type4_imbalanced,Covertype one-vs-rest: cover type 4 as the positive class.,0.0047,random_oversampling_train_only,max_depth,100,17,0.996,0.8066870805109647,0.99380359056806,0.6666666666666666,0.9983924983255191,75.20686169998953
covertype_type4_imbalanced,Covertype one-vs-rest: cover type 4 as the positive class.,0.0047,random_oversampling_train_only,max_depth,100,18,0.996,0.8066870805109647,0.9931002143622721,0.6666666666666666,0.9983924983255191,129.95974720001686
covertype_type4_imbalanced,Covertype one-vs-rest: cover type 4 as the positive class.,0.0047,random_oversampling_train_only,max_depth,100,19,0.996,0.8066870805109647,0.9932006966773849,0.6666666666666666,0.9986604152712659,85.75192030001199
covertype_type4_imbalanced,Covertype one-vs-rest: cover type 4 as the positive class.,0.0047,random_oversampling_train_only,max_depth,100,20,0.9964,0.8190954773869347,0.9929662379421222,0.6666666666666666,0.9985264567983925,7227.973887
